first,last,password,phone,mobile,group1,group2,group3,country,city,postal_code,company,street,title,department,homepage,initials
Marcela,McNevin,6A35HpEEzlE,+46-119-157-4157,+380 (559) 481-7995,beta,gamma nested,omega nested,SE,Stockholm,111 76,Rowe LLC,28 Gateway Road,Mr,Legal,http://booking.com,http://reference.com
Perceval,Pietraszek,xVKlm7,,,beta,,,,,,,,,,,
Merrili,Fideler,oNmQ9aTmNuw,,,gamma nested,,,,,,,,,,,
Milka,Barten,2tXm2I4p,,,alpha,,,,,,,,,,,
Maighdiln,Trevascus,VwfOKEv,+64-814-896-6649,+62 (108) 816-4081,alpha,alpha,beta,NZ,Thames,3540,"Kemmer, Lesch and Leffler",30088 Aberg Park,Dr,Engineering,http://oracle.com,http://naver.com
Rachel,Stockings,oXQjv29KH,+7-118-120-8677,+86 (908) 723-3030,gamma nested,beta,gamma nested,KZ,Belūsovka,,Ortiz and Sons,14 Maple Wood Center,Honorable,Marketing,https://bloglines.com,http://ucoz.com
Barnard,McNeil,eGvwXShxky,+86-267-332-0128,+27 (827) 426-5213,omega nested,gamma nested,gamma nested,CN,Wuyanquan,,Considine Inc,2 Ruskin Avenue,Honorable,Research and Development,https://ezinearticles.com,http://wordpress.org
Morganica,Kenen,pP0iBt9eBX,+86-683-244-2967,+63 (190) 585-9103,beta,omega nested,omega nested,CN,Zhili,,"Trantow, Bayer and Wisozk",7 Cody Plaza,Dr,Human Resources,https://cbc.ca,https://woothemes.com
Daryl,Forker,FAeYaD,+57-445-331-0108,+98 (405) 829-9939,beta,gamma nested,omega nested,CO,Guamo,733558,Flatley-Lesch,7336 Beilfuss Place,Rev,Training,https://weebly.com,http://globo.com
Abbe,Hulance,ky4qKf3UDhus,+55-268-957-7913,+86 (171) 767-7326,beta,gamma nested,omega nested,BR,Frederico Westphalen,98400-000,Littel and Sons,0 Scoville Circle,Ms,Training,https://about.com,https://typepad.com
Joni,Padula,vko1nr,,,alpha,,,,,,,,,,,
Artemus,Mathou,KNuR86j,+7-347-783-8298,+48 (403) 801-1897,omega nested,gamma nested,alpha,RU,Karpogory,396841,Hermiston-Parisian,96 Kenwood Trail,Ms,Research and Development,http://comsenz.com,http://vkontakte.ru
Kandy,Ower,ZSFUGv,+86-238-907-6795,+381 (956) 262-6068,gamma nested,omega nested,alpha,CN,Shangshuai,,"Blick, O'Conner and Mohr",6163 Shelley Terrace,Mr,Legal,https://gravatar.com,https://fotki.com
Rafferty,Ilson,pAM8vF1sbx,+7-517-971-1659,+86 (505) 978-3055,gamma nested,omega nested,beta,RU,Goyty,366502,"Robel, Roob and Rutherford",48736 Kipling Circle,Ms,Marketing,https://mashable.com,https://cocolog-nifty.com
Marillin,Boadby,aoHjNLb0T,,,beta,,,,,,,,,,,
Gretta,Schrei,HB2aonvNnkQ,,,alpha,,,,,,,,,,,
Donna,Lindborg,J2JAtflWAIPy,+60-905-206-5154,+993 (191) 483-0566,gamma nested,gamma nested,beta,MY,Kota Bharu,15740,"Doyle, Hartmann and McGlynn",008 Green Ridge Court,Dr,Human Resources,https://ucsd.edu,https://cisco.com
Zebulon,Strattan,op93GVT,+66-593-865-4100,+355 (535) 608-9322,,beta,alpha,TH,Betong,95110,Kihn-Kunze,7377 Rigney Street,Mr,Support,http://forbes.com,http://msn.com
Burg,MacKniely,97AcFdjH5r,,,gamma nested,,,,,,,,,,,
Xena,Guiu,LFsHYSb7pD,+55-617-836-0327,+62 (190) 597-9626,beta,omega nested,alpha,BR,Tucuruí,68455-000,"Ratke, Kulas and Rath",4965 Macpherson Hill,Dr,Support,https://vk.com,https://boston.com
Dillon,Laight,maD6teYn,+48-550-372-0248,+86 (269) 557-1540,beta,alpha,alpha,PL,Kowala,26-680,"Prosacco, Walker and Kirlin",584 Hollow Ridge Parkway,Mrs,Product Management,http://geocities.com,http://dyndns.org
Ulysses,McMahon,VwLGROC,,,omega nested,,,,,,,,,,,
Marla,MacRorie,gud5UW5M4EM,+967-201-776-1478,+86 (961) 464-3096,alpha,omega nested,alpha,YE,Al Wuday‘,,Dicki-Howell,587 Erie Street,Mr,Accounting,http://china.com.cn,http://google.cn
Marjie,Oakwood,e85JYkJcHKs,,,,,,,,,,,,,,
Angelle,Heijne,S1R5pFf,,,omega nested,,,,,,,,,,,
Abigail,McGahey,ZE2ocw,+63-311-854-8593,+850 (975) 403-0801,beta,beta,beta,PH,De la Paz,7105,"Harber, Ritchie and Bosco",70 Boyd Pass,Rev,Business Development,http://51.la,https://usa.gov
Alanna,Flight,OZdfpw,,,gamma nested,,,,,,,,,,,
Cary,O'Mailey,PptdqMAjleY,,,,,,,,,,,,,,
Cole,Youel,p5gHz3,+850-279-412-8899,+57 (269) 430-2975,beta,omega nested,alpha,KP,Hamhŭng,,Conroy-Lind,6 Eastwood Way,Rev,Marketing,http://wufoo.com,https://ucoz.ru
Luis,Baynton,WIFsGE,,,,,,,,,,,,,,
Jessamyn,Halburton,xdAGaR37ZXIS,,,,,,,,,,,,,,
Andris,Clemot,YNLh2Ram4L,+48-579-994-1887,+30 (945) 874-1572,alpha,omega nested,alpha,PL,Krasnystaw,22-300,"Fritsch, Grimes and Morissette",8 Larry Street,Mr,Human Resources,http://sourceforge.net,https://de.vu
Enrique,Clara,SdZkKqimcM,,,,,,,,,,,,,,
Marge,Robers,ARXk0aG,+62-309-439-2945,+55 (950) 657-8807,beta,omega nested,omega nested,ID,Krajansumbermujur,,Walter and Sons,64 Hoffman Junction,Honorable,Research and Development,https://acquirethisname.com,http://epa.gov
Giralda,Graffham,UcFmpB0g,+374-976-615-4030,+46 (701) 661-2207,,beta,beta,AM,Gandzak,,Anderson-Walsh,82 Rockefeller Terrace,Honorable,Accounting,https://123-reg.co.uk,http://hatena.ne.jp
Burnard,Sambells,BzHtlcAKJ,+66-455-911-6257,+66 (250) 419-1400,omega nested,omega nested,omega nested,TH,Kut Bak,47180,"Lind, Raynor and Pagac",453 Mifflin Parkway,Dr,Marketing,https://wunderground.com,https://boston.com
Jerrilyn,Hubbins,FsbzqYG4,,,,,,,,,,,,,,
Elie,Vasyunin,KZEoREYt1yG,,,beta,,,,,,,,,,,
Ringo,Greeveson,rDdBgTXlE,,,,,,,,,,,,,,
Branden,Carus,95jM6yH,,,beta,,,,,,,,,,,
Geri,McEvoy,RLgz7OxBdPG,+86-895-289-7314,+86 (587) 505-3858,omega nested,beta,alpha,CN,Peimei,,Nicolas and Sons,9162 Moland Terrace,Dr,Sales,http://globo.com,http://amazon.de
Angil,L'Amie,YmCi1ui8,,,,,,,,,,,,,,
Harald,Hymer,irfm3bpEQYD,+36-323-942-0739,+52 (443) 937-2924,beta,omega nested,beta,HU,Zselickislak,7404,"Marks, Fahey and Connelly",04597 Springview Terrace,Mr,Research and Development,http://squarespace.com,http://flavors.me
Isabelle,Fernao,IBp0ZHoa,,,,,,,,,,,,,,
Jermayne,Christal,kQvLRp,+86-908-928-6529,+46 (215) 870-1575,omega nested,alpha,alpha,CN,Shiguai,,"Abshire, Kertzmann and Deckow",2 Riverside Trail,Rev,Sales,https://skyrock.com,https://google.pl
Sallyanne,Gersam,dlOIVWx1J,,,gamma nested,,,,,,,,,,,
Lenette,Wimlet,BCRpn4tx,,,alpha,,,,,,,,,,,
Tremain,Crossley,3rqIgWb,,,omega nested,,,,,,,,,,,
Nicki,Heller,rEIG7uO,,,,,,,,,,,,,,
Mack,Headland,drIu2c6Ym,,,omega nested,,,,,,,,,,,
Ulrika,Tennock,Skk9XgYjrJ8A,+63-524-693-1876,+63 (285) 558-7752,alpha,gamma nested,gamma nested,PH,Calumpit,3003,"Torp, Farrell and Crist",0 Coleman Lane,Dr,Product Management,http://bigcartel.com,https://symantec.com
Rosie,Thor,hppwJ5ci,,,omega nested,,,,,,,,,,,
Ado,Blaskett,IXLyrSyq,+86-909-349-8054,+502 (288) 305-2643,,alpha,omega nested,CN,Shiliting,,Larkin and Sons,95440 Hagan Parkway,Honorable,Business Development,http://networkadvertising.org,http://sciencedirect.com
Colan,Nannoni,BMDMLJ62B,+55-941-337-9943,+51 (323) 152-2329,,gamma nested,beta,BR,Descalvado,13690-000,Littel Inc,3 Oak Way,Dr,Sales,http://loc.gov,http://google.co.uk
Rania,Spawell,IwftSD,,,alpha,,,,,,,,,,,
Yancey,Rubinchik,pjdK4LvF8pub,+351-600-502-0891,+92 (936) 112-3243,,alpha,gamma nested,PT,Peroguarda,7900-455,"Gorczany, Hahn and Christiansen",3 Pearson Place,Ms,Product Management,https://seattletimes.com,https://wp.com
Susette,Smitheram,hMcxHwHb,,,gamma nested,,,,,,,,,,,
Brendin,Jurries,xJ7dxpq,,,omega nested,,,,,,,,,,,
Clair,Burdett,xeTRTxOrB,,,alpha,,,,,,,,,,,
Roxi,Corner,s9IcMnSKUIq,+33-440-128-5256,+591 (691) 921-1035,,alpha,beta,FR,Saint-Priest,69794 CEDEX,"Rosenbaum, Purdy and Trantow",77345 Schurz Terrace,Dr,Marketing,http://over-blog.com,https://jigsy.com
Chadwick,Lush,2dSPsZ,,,alpha,,,,,,,,,,,
Emilia,Shea,IItLHmWql0,+86-159-906-2668,+1 (824) 810-1172,gamma nested,alpha,beta,CN,Zhangbagou,,"Lindgren, Runte and Doyle",4368 Prentice Hill,Mr,Accounting,https://g.co,https://mashable.com
Truda,de Pinna,9jv7Uf,+1-841-505-7494,+54 (733) 270-5039,omega nested,alpha,gamma nested,AS,Aūa,96799,Wuckert Group,82026 Pierstorff Drive,Rev,Legal,https://mediafire.com,http://admin.ch
Araldo,Mordanti,3fnHtPvvHl,+62-937-897-7717,+57 (285) 177-7969,gamma nested,omega nested,beta,ID,Puunage,,Tremblay-Herzog,68980 Weeping Birch Court,Mrs,Engineering,http://usnews.com,https://ask.com
Lettie,Newling,Q8l2Ay4o,,,alpha,,,,,,,,,,,
Ora,Bowmaker,MdCNrTg7E,+234-420-932-4366,+386 (101) 431-8570,gamma nested,alpha,gamma nested,NG,Oke Mesi,,Cummerata-Jacobi,928 La Follette Pass,Rev,Human Resources,http://unc.edu,https://house.gov
Jilli,Doddemeede,OPMa7XFP,+48-711-531-8593,+506 (751) 813-6602,alpha,gamma nested,beta,PL,Kuryłówka,37-303,Heller and Sons,56 Huxley Hill,Mrs,Sales,http://cbslocal.com,http://craigslist.org
Sebastian,Sesser,B62AXBKU18n,+86-210-108-5664,+86 (832) 557-1980,gamma nested,omega nested,alpha,CN,Tangzi,,Lemke-Stehr,3808 Becker Plaza,Honorable,Research and Development,https://ucoz.com,http://unicef.org
Jemmy,Comolli,xWeva9fCjH,,,alpha,,,,,,,,,,,
Linet,Goodchild,b4yt4ZlOZMT,,,gamma nested,,,,,,,,,,,
Chelsie,Sunock,XDLfMiPPx,+84-543-779-4336,+7 (661) 440-6119,omega nested,gamma nested,omega nested,VN,Phú Vang,,Heaney-Hilll,3522 Butternut Hill,Mrs,Accounting,https://bigcartel.com,https://adobe.com
Clem,Freear,xofovPYNBaPY,+86-605-504-3060,+62 (664) 386-3527,omega nested,beta,beta,CN,Wa’erma,,Murphy-Stark,544 Clemons Hill,Mrs,Training,http://mail.ru,https://youtu.be
Neila,Izkovitch,IAFM3U4K,,,gamma nested,,,,,,,,,,,
Saba,Paler,aJnq40qbCq4U,,,alpha,,,,,,,,,,,
Sydelle,Cork,KobzoxY,+46-218-530-2340,+86 (621) 594-3871,gamma nested,alpha,omega nested,SE,Munkedal,455 31,Zemlak and Sons,89 Everett Parkway,Mr,Legal,https://latimes.com,https://1688.com
Kingsly,Medcalf,EBNMr5C,+51-547-765-1437,+55 (333) 673-9274,,gamma nested,omega nested,PE,Mosoc Llacta,,"Dooley, Frami and Wiza",12 Brown Road,Mrs,Marketing,http://businesswire.com,https://paginegialle.it
Sonya,Stihl,SWHFFJaG2Yr,,,gamma nested,,,,,,,,,,,
Chance,O'Dempsey,953OC4Fc,+385-287-135-1862,+86 (127) 620-2322,,gamma nested,alpha,HR,Privlaka,32251,Bartell-Morar,9 Graedel Alley,Honorable,Research and Development,http://edublogs.org,http://ebay.co.uk
Darcy,Mohammed,L5O0HEIYd,,,alpha,,,,,,,,,,,
Mohammed,Cortnay,GNLyoC,+389-698-129-2221,+506 (291) 133-8471,omega nested,alpha,omega nested,MK,Veles,1400,"Schneider, Windler and Harvey",342 Nancy Parkway,Rev,Accounting,https://shop-pro.jp,http://cornell.edu
Conant,Nineham,ZWA9f5bw8,,,,,,,,,,,,,,
Karrah,Tailby,Od3YYuodxm,,,omega nested,,,,,,,,,,,
Debor,Critcher,1JcrnTkuwAkC,+86-757-759-5616,+86 (545) 429-1324,,gamma nested,beta,CN,Hantang,,Stark-Nitzsche,28 Fulton Alley,Rev,Marketing,https://cargocollective.com,http://cbslocal.com
Shelli,Loads,VCY3G3m,,,gamma nested,,,,,,,,,,,
Babb,Capon,9uTNO4cMNA5V,+63-451-823-2083,+7 (422) 136-0560,omega nested,omega nested,omega nested,PH,Canomoy,5411,"Little, Carroll and Murazik",9810 Westend Center,Mrs,Human Resources,http://is.gd,http://youku.com
Ellette,Portlock,aBDSYx2SV,,,,,,,,,,,,,,
Stanford,McConnachie,r6uPon9,+880-651-849-5395,+966 (760) 826-1296,alpha,omega nested,omega nested,BD,Sarishābāri,2051,Blanda and Sons,7 Bobwhite Pass,Dr,Sales,http://mayoclinic.com,http://craigslist.org
Ervin,Hallyburton,2wZuYZ8MIrpR,,,beta,,,,,,,,,,,
Northrup,Lemerie,MVBU3T,,,beta,,,,,,,,,,,
Salome,Corker,NChWzBu,,,alpha,,,,,,,,,,,
Kaycee,Matitiaho,7yuYkD,,,,,,,,,,,,,,
Pedro,Brehat,gbgnngjqUMU,,,gamma nested,,,,,,,,,,,
Hodge,Medlen,jKS441Z3,+55-431-177-4895,+225 (679) 539-0166,omega nested,alpha,beta,BR,Itaboraí,24800-000,Koss Inc,7442 Vera Circle,Dr,Product Management,https://artisteer.com,http://amazon.co.jp
Gardner,Strippling,N2wUeS,+86-705-740-2175,+33 (945) 966-0055,,beta,beta,CN,Lijie,,Johns Group,924 Oriole Drive,Rev,Accounting,https://un.org,http://networkadvertising.org
Alistair,Casely,1FCEV5vpIj,,,alpha,,,,,,,,,,,
Chris,Ledwith,QZSd7p,,,beta,,,,,,,,,,,
Zoe,Prydie,T1uwTYk,,,omega nested,,,,,,,,,,,
Bogey,Pechold,0tA4UqSLf,+62-178-595-0969,+33 (788) 785-2679,gamma nested,alpha,alpha,ID,Tejakalapa,,Rempel-Satterfield,143 Oneill Road,Ms,Marketing,http://so-net.ne.jp,https://indiegogo.com
Cecilia,Bantick,BcxhAkN,+86-947-783-0704,+62 (848) 652-6411,omega nested,omega nested,gamma nested,CN,Changzhou,,Cormier LLC,33 Old Gate Road,Rev,Support,http://yelp.com,https://ft.com
Hildegarde,Osbidston,5MrcnGXW3hf,+387-668-659-1321,+358 (756) 886-3251,beta,gamma nested,gamma nested,BA,Blagaj,,Kovacek and Sons,82 Michigan Hill,Ms,Legal,http://cpanel.net,http://taobao.com
Dari,Reiners,4WdXINm,+66-301-660-2689,+7 (432) 995-5246,beta,gamma nested,gamma nested,TH,Udon Thani,24000,Cummerata-Wunsch,3 Derek Drive,Honorable,Accounting,https://nba.com,http://friendfeed.com
Kattie,Ganning,LLpFAeI7Fcp,,,omega nested,,,,,,,,,,,
Nicola,Cardiff,09NGFq,,,alpha,,,,,,,,,,,
Charles,Scamwell,iqcCva,+63-693-755-9241,+54 (187) 197-8064,gamma nested,alpha,omega nested,PH,Calumpang,2307,"Conroy, Braun and Wisoky",91326 Petterle Pass,Rev,Accounting,http://moonfruit.com,https://ow.ly
Tillie,Owen,5arGSW,+63-900-902-8550,+86 (465) 217-5173,beta,alpha,gamma nested,PH,Tambo,1701,Weber-Reynolds,8542 Marcy Terrace,Dr,Accounting,https://privacy.gov.au,http://blog.com
Cyrille,Hardingham,RP0dsj,,,beta,,,,,,,,,,,
Ulrikaumeko,McCurrie,mnfUoeZRh7P,+86-708-735-2450,+63 (344) 232-3633,omega nested,omega nested,gamma nested,CN,Guanting,,Parker-Hagenes,33 Hollow Ridge Lane,Mr,Marketing,http://360.cn,https://mediafire.com
Dorelia,Embra,5SyEFie,+66-212-961-0951,+62 (702) 680-4993,,omega nested,omega nested,TH,Prachuap Khiri Khan,77120,"Rosenbaum, Wiza and Schmeler",19 Sloan Circle,Ms,Engineering,https://oaic.gov.au,https://unc.edu
Jacquenetta,Georgeson,w7iPGIcL1b,,,,,,,,,,,,,,
Sayres,Pittwood,ATmJYQ,+232-221-174-9709,+7 (801) 912-8941,omega nested,omega nested,omega nested,SL,Waterloo,,Cassin-Williamson,293 Schmedeman Lane,Mr,Research and Development,http://devhub.com,https://163.com
Cinderella,Castillon,GSOVFaPWyhpf,+963-742-353-4022,+46 (336) 883-5735,beta,omega nested,gamma nested,SY,Al Qaryatayn,,Fadel LLC,8 Melrose Lane,Rev,Services,https://ow.ly,http://forbes.com
Paulita,Jeffrey,d969ounD,+269-156-865-1706,+62 (776) 143-5672,,omega nested,alpha,YT,Tsingoni,97680,Larkin-Ferry,9 Moland Avenue,Dr,Training,http://businessinsider.com,http://360.cn
Torey,Culley,ak3uwaCKGWo4,,,,,,,,,,,,,,
Danni,Gullen,aq0T0EqZ6R,,,,,,,,,,,,,,
Lexie,Orbine,frH2mhXZivzW,,,gamma nested,,,,,,,,,,,
Judy,McVeighty,Ks6gcA,+880-532-556-4306,+86 (358) 732-1020,,gamma nested,gamma nested,BD,Baniachang,3350,"McKenzie, Huel and Will",4 Fuller Drive,Ms,Legal,http://disqus.com,http://bizjournals.com
Lockwood,Treppas,n9fOg4D3OMP,+7-620-274-9240,+880 (446) 166-9892,omega nested,gamma nested,omega nested,RU,Goryachevodskiy,357560,Weber and Sons,892 Bonner Parkway,Dr,Engineering,https://mtv.com,http://who.int
Randall,Peepall,AWSrUzZ,+33-608-817-9793,+86 (953) 172-7512,,beta,gamma nested,FR,Niort,79031 CEDEX 9,Bradtke LLC,99783 Fieldstone Point,Mr,Accounting,http://walmart.com,https://loc.gov
Arel,O'Keeffe,QhFUNk0FKK,,,gamma nested,,,,,,,,,,,
Nicholle,Geale,7IJ8vQ5eZuIf,,,omega nested,,,,,,,,,,,
Terri,Hunnicutt,fDlyx2z,+86-760-367-3820,+63 (449) 714-8859,beta,beta,omega nested,CN,Pukou,,Kihn LLC,5 Mesta Drive,Ms,Product Management,http://facebook.com,http://amazon.de
Silvan,Tunder,oU81oG,,,omega nested,,,,,,,,,,,
Domenico,Langrish,GoRzDR7OO,+46-118-383-6016,+57 (849) 222-7078,beta,alpha,omega nested,SE,Stockholm,112 20,Douglas-Lakin,0044 Brown Plaza,Rev,Sales,http://edublogs.org,https://joomla.org
Dell,Gillbanks,32RKanF,,,omega nested,,,,,,,,,,,
Rufus,Easseby,iYkhzd10S,,,gamma nested,,,,,,,,,,,
Michaelina,Smedmore,NMNZ5R,,,beta,,,,,,,,,,,
Ruth,Demogeot,4lCFY7QQ,+63-728-421-1952,+33 (948) 297-7696,omega nested,beta,gamma nested,PH,Logon,8410,"Stiedemann, Conn and Pagac",82 Fieldstone Street,Mrs,Engineering,https://patch.com,http://amazon.com
Meaghan,Flint,hnemi9,,,omega nested,,,,,,,,,,,
Wendall,Bartomieu,ZIk7H3f,+86-632-365-5581,+62 (759) 357-1996,alpha,gamma nested,gamma nested,CN,Zengtian,,Fay and Sons,1 Dryden Point,Ms,Business Development,http://prweb.com,http://naver.com
Christel,Goering,3q1vLyigtpY,+261-968-821-4803,+62 (202) 808-6095,,gamma nested,gamma nested,MG,Nosy Varika,,Brown and Sons,17209 Bunker Hill Hill,Honorable,Research and Development,https://economist.com,https://biglobe.ne.jp
Sally,Bugge,IRKQc4t4h,+33-707-311-0995,+86 (485) 890-7548,alpha,omega nested,beta,FR,Paris 08,75374 CEDEX 08,Hodkiewicz-Zboncak,68527 Prairie Rose Center,Rev,Legal,http://theguardian.com,https://npr.org
Paolo,MacCart,PfAJfW5E3,+226-628-166-4330,+235 (929) 400-2247,gamma nested,beta,omega nested,BF,Garango,,Zulauf Group,53 Mockingbird Drive,Rev,Product Management,http://earthlink.net,http://ocn.ne.jp
Beryle,Marchent,2v9oIbH1An,,,alpha,,,,,,,,,,,
Barnebas,Pacitti,tDZzzGwCeQC,+51-527-920-2518,+63 (432) 651-0500,beta,omega nested,beta,PE,Río Grande,,Koepp Group,127 Ridge Oak Parkway,Dr,Services,https://discovery.com,https://ft.com
Jonas,Kenewel,kbYtv26MK,+7-946-945-3496,+358 (876) 868-0517,omega nested,omega nested,gamma nested,KZ,Asykata,,"Carroll, Murray and Heller",47 Bluestem Plaza,Honorable,Human Resources,https://redcross.org,https://wordpress.org
Roobbie,Joddens,LNdLLInLDRAl,+48-875-285-4094,+7 (965) 980-8731,,beta,beta,PL,Ochojno,60-222,Orn-McGlynn,71 Kennedy Way,Ms,Engineering,https://craigslist.org,https://clickbank.net
Timofei,Hawsby,i6wMPeYR,+86-105-838-6042,+46 (558) 583-7189,gamma nested,omega nested,omega nested,CN,Dingshan,,Rolfson-Glover,25 Cordelia Alley,Mrs,Marketing,https://so-net.ne.jp,https://angelfire.com
Suki,MacCostigan,ZrKg0nm2eNIr,+58-910-656-3190,+7 (486) 926-1314,,beta,gamma nested,VE,Santa Elena de Uairén,,Rempel Group,7 Swallow Lane,Mr,Training,https://typepad.com,http://yandex.ru
Wynnie,Cowell,V5GJaun,,,omega nested,,,,,,,,,,,
Trixy,Roe,4hGKV9BxxUB,+63-759-594-4404,+7 (439) 207-0176,beta,beta,gamma nested,PH,Guagua,2003,"Ratke, Fay and Aufderhar",0 Golden Leaf Hill,Mrs,Research and Development,https://accuweather.com,https://oaic.gov.au
Krystalle,Farrer,Wst3eLXkWCfR,,,beta,,,,,,,,,,,
Gard,Allum,B9PwL78DAY,+351-429-688-7865,+63 (100) 896-8839,omega nested,alpha,alpha,PT,Regueiro,4960-462,"Schowalter, Krajcik and Wehner",07905 Anniversary Road,Mr,Support,https://fc2.com,http://businessweek.com
Janet,Beedle,Anpi8S,,,omega nested,,,,,,,,,,,
Rich,Sibthorp,G8LyW03HqF,,,gamma nested,,,,,,,,,,,
Raf,Chislett,LOtklteR1,+63-908-933-4363,+46 (345) 519-0990,,omega nested,omega nested,PH,Gambalidio,4025,"Wiza, Brekke and Fay",236 Grim Pass,Honorable,Human Resources,https://edublogs.org,https://1und1.de
See,Millwall,BoysnaQD,+1-270-496-4967,+1 (181) 667-6142,,gamma nested,gamma nested,DO,Arroyo Salado,10214,"Lockman, Dickens and Altenwerth",101 Vermont Point,Ms,Research and Development,https://constantcontact.com,http://usda.gov
Bertha,Fain,nxLpzsuMv,+86-650-955-1453,+30 (795) 734-4505,gamma nested,omega nested,alpha,CN,Sanzao,,"D'Amore, Fisher and Williamson",50 Di Loreto Center,Ms,Support,http://ibm.com,https://xinhuanet.com
Rodolfo,Henricsson,SbuWkf,,,gamma nested,,,,,,,,,,,
Bertie,Camelin,vHQpyr29fmSX,,,beta,,,,,,,,,,,
Nichol,Langabeer,AmjMO2m,,,omega nested,,,,,,,,,,,
Nichole,Byas,rr16703,+351-617-994-7982,+66 (599) 234-6554,omega nested,alpha,beta,PT,Cortinhas,4960-320,"Gutmann, Aufderhar and Cronin",7 Kropf Parkway,Ms,Research and Development,http://java.com,http://globo.com
Gardy,Gallichan,CedAjDvudA,+86-593-901-3242,+62 (466) 395-0020,,alpha,omega nested,CN,Xiawuqi,,"Nikolaus, Reichel and Jerde",11 Fairfield Alley,Rev,Engineering,https://prlog.org,http://yahoo.com
Daveen,Fulloway,f9zZ9ezemi,+62-167-493-2478,+81 (323) 843-1420,beta,alpha,gamma nested,ID,Pondokrejo Wetan,,McDermott and Sons,9 Mallory Park,Mrs,Marketing,https://techcrunch.com,http://flavors.me
Louis,Taylor,cVkraE7,+86-373-789-8968,+420 (757) 836-3624,beta,beta,beta,CN,Zhanxu,,"Yundt, Schimmel and Bruen",755 Monument Lane,Mr,Training,https://youtu.be,http://usatoday.com
Ailis,Krahl,6sLgMsI,,,omega nested,,,,,,,,,,,
Ardyth,Lempel,ZKpRuWzUe0JI,+62-256-513-2117,+62 (431) 323-6601,beta,alpha,gamma nested,ID,Miribanteng,,Torp-Witting,3213 Roxbury Street,Dr,Sales,https://google.co.uk,http://wp.com
Amerigo,Legrand,wopDyW,+7-496-246-3630,+63 (483) 526-8809,,beta,gamma nested,RU,Волочаевское,238346,Bartoletti Inc,88 Lakeland Parkway,Honorable,Engineering,http://hc360.com,https://bandcamp.com
Cyndia,Pochon,DurfVVIE,+86-592-928-1496,+47 (293) 525-8119,omega nested,omega nested,beta,CN,Honghai,,"Cummerata, Hettinger and Donnelly",29 Glacier Hill Circle,Mr,Human Resources,http://icio.us,http://ycombinator.com
Johanna,Freen,jpz6Iv2OQA,,,omega nested,,,,,,,,,,,
Heinrick,Smyley,tdOw1r,,,alpha,,,,,,,,,,,
Anton,Glasbey,LDPLD1,,,omega nested,,,,,,,,,,,
Wanda,Goodrum,ytV8KVzxFqk,,,gamma nested,,,,,,,,,,,
Rosco,Adkin,5MKsbqvG,+7-783-959-1125,+48 (467) 910-4678,gamma nested,beta,beta,RU,Manzurka,666217,Swaniawski and Sons,72846 Granby Drive,Dr,Human Resources,https://unc.edu,https://posterous.com
Odelia,Dulton,Uwvj31BG6,,,beta,,,,,,,,,,,
Catherina,McAnulty,z1pvhiXtNh,,,omega nested,,,,,,,,,,,
Gery,Riden,acvWtf8,,,beta,,,,,,,,,,,
Emanuel,Phillipp,jeIucm,,,,,,,,,,,,,,
Myrlene,Albro,OpMNwK,,,gamma nested,,,,,,,,,,,
Chuck,Swadden,3IgUhahLBrK,,,omega nested,,,,,,,,,,,
Meg,Todeo,5iTHW17Pb,+48-263-662-4483,+1 (363) 178-6262,omega nested,gamma nested,omega nested,PL,Mircze,22-530,Effertz-Reynolds,13843 Carey Street,Ms,Sales,http://twitpic.com,http://vk.com
Lorant,Minghetti,7Jor56ccx,,,,,,,,,,,,,,
Quintin,Berrisford,IIs648eEdU0D,+51-240-967-6508,+1 (813) 448-6961,beta,omega nested,alpha,PE,Juliaca,,Dooley-Feil,08977 Holmberg Lane,Mr,Legal,https://dailymail.co.uk,http://kickstarter.com
Tallie,Haggath,huoBQej,+7-149-483-1642,+1 (471) 828-8195,omega nested,gamma nested,omega nested,RU,Volzhsk,363604,West-Leannon,6 Golf Course Trail,Mrs,Research and Development,http://bandcamp.com,https://abc.net.au
Sandor,Couthard,R4N2MGbnxe,+86-273-713-0151,+86 (182) 154-2387,gamma nested,beta,gamma nested,CN,Sidu,,"Ortiz, Weber and Green",9 High Crossing Park,Mrs,Engineering,http://fc2.com,https://facebook.com
Zulema,Boxhall,dyrXUA,,,beta,,,,,,,,,,,
Minnie,Henderson,mYwnxIG9kuA,+86-110-492-1554,+55 (222) 973-7143,beta,beta,alpha,CN,Litan,,Wuckert Group,2 Victoria Terrace,Rev,Services,https://amazon.de,https://wikispaces.com
Anthe,Scryne,ifeMKR5D,+256-409-104-3355,+886 (818) 103-7469,beta,omega nested,omega nested,UG,Pader Palwo,,"Kulas, Lind and Brakus",0144 Lukken Way,Honorable,Legal,https://shinystat.com,https://phoca.cz
Carrie,Dono,IjW0b4suLKAG,+351-273-150-1181,+7 (916) 196-6936,beta,beta,gamma nested,PT,Vilares,4745-358,Lehner-Crooks,1 Bunting Way,Mrs,Training,https://bloglovin.com,http://bloglines.com
Tabbie,Scurrer,1KhAx7,+691-224-961-9518,+225 (487) 632-9829,gamma nested,beta,gamma nested,FM,Houk,,"Gorczany, Nolan and Will",7 Dovetail Way,Ms,Legal,http://msn.com,http://techcrunch.com
Haven,Polycote,pbAMV1,+46-169-367-7712,+62 (751) 316-7624,,alpha,gamma nested,SE,Kilafors,823 80,Rowe Inc,60076 Lillian Parkway,Mr,Human Resources,http://wikimedia.org,http://auda.org.au
Issiah,Applegate,QC7uEpo,,,beta,,,,,,,,,,,
Lora,Sheffield,nQDm1JWg,+30-924-801-3713,+359 (542) 382-4390,beta,gamma nested,omega nested,GR,Vasilikón,,Schimmel Group,367 Anzinger Hill,Honorable,Accounting,http://answers.com,http://yale.edu
Valma,Hischke,4hkjXWxv,,,gamma nested,,,,,,,,,,,
Christophe,Pipes,vPEjuCt53,,,,,,,,,,,,,,
Vinni,Manueli,1GFvBq4,+86-101-545-2722,+86 (576) 293-8967,,beta,beta,CN,Fengxian,,Rice and Sons,955 Lerdahl Parkway,Mr,Human Resources,http://google.co.uk,http://youtu.be
Clarence,Warr,E03btc,+63-285-210-4441,+62 (840) 892-0534,,alpha,alpha,PH,Guinobatan,4503,"Bernier, Johnston and McCullough",84 Reinke Avenue,Mr,Human Resources,https://netlog.com,http://seattletimes.com
Brien,Mathieson,38KSvI2xCEOK,+86-752-679-3211,+86 (634) 149-2182,alpha,omega nested,alpha,CN,Gaoqiao,,"Douglas, Schmidt and Harber",21328 Fallview Court,Mrs,Research and Development,https://youtube.com,https://livejournal.com
Hillier,Holley,jaOeIjB2X,,,beta,,,,,,,,,,,
Rosemary,Brooksbank,0ORzW1KYT5,,,omega nested,,,,,,,,,,,
Red,Tinan,UtoKC7,,,beta,,,,,,,,,,,
Federico,Carruth,qm8QTZzlNc,+63-203-382-9917,+86 (955) 355-7081,gamma nested,gamma nested,omega nested,PH,Dicamay,6011,Labadie Inc,310 Prairieview Park,Dr,Engineering,http://engadget.com,http://webs.com
Ralina,Taffee,XFKZFPtxHKF9,,,omega nested,,,,,,,,,,,
Aloysius,Cranmer,RGiClH,+61-142-336-1051,+81 (261) 484-5479,gamma nested,omega nested,omega nested,AU,Sydney,1109,Feil-Conroy,28 Autumn Leaf Lane,Honorable,Engineering,http://weather.com,http://epa.gov
Wilhelm,Lidierth,4JOquP,+62-436-906-1123,+381 (288) 540-0931,omega nested,beta,omega nested,ID,Nglengkong,,"McDermott, Crooks and Reynolds",70 Westerfield Parkway,Rev,Legal,https://studiopress.com,http://homestead.com
Leena,Brewett,0saKNpywQoQw,,,,,,,,,,,,,,
Kris,Nasi,N3BaPLSq330,+63-663-573-1107,+258 (685) 734-9305,gamma nested,beta,omega nested,PH,Nalus,9514,Howell-O'Conner,3145 Sage Place,Mrs,Human Resources,https://aol.com,http://cyberchimps.com
Fabiano,Prise,O2Qw1r,,,beta,,,,,,,,,,,
Neile,Unworth,vUd7gJfBtTO,,,omega nested,,,,,,,,,,,
Griffith,Erricker,LmfDmcSILS,+86-727-533-8789,+30 (694) 289-1896,omega nested,beta,omega nested,CN,Anren Chengguanzhen,,Dach-Veum,559 Ronald Regan Terrace,Honorable,Research and Development,https://infoseek.co.jp,http://washingtonpost.com
Whitby,Giacomini,wpefU8a,,,beta,,,,,,,,,,,
Cara,Sandy,H5FsdnUED,,,omega nested,,,,,,,,,,,
Keefe,Bengall,V9Ijc8rEq,,,omega nested,,,,,,,,,,,
Wat,Kluge,RUA9FsFISvx,,,,,,,,,,,,,,
Nikki,Anker,4HXSQk5,,,gamma nested,,,,,,,,,,,
Lianne,Earengey,Ym37zgin95,,,omega nested,,,,,,,,,,,
Erinn,Lorente,kcM3SoO,+255-404-859-4855,+353 (322) 774-2970,beta,alpha,alpha,TZ,Usevia,,Morar-Braun,72594 Clove Center,Honorable,Sales,http://zdnet.com,https://google.cn
Grady,Slowgrove,t1oG4cVtc9ek,+7-158-162-8537,+63 (199) 885-6596,omega nested,beta,beta,RU,Khandagayty,668134,Crooks-Sanford,542 Mariners Cove Court,Honorable,Engineering,http://usa.gov,https://ftc.gov
Tammy,Knapman,nOEYVIt,,,gamma nested,,,,,,,,,,,
Nealy,Pinks,TRU4JCzr,,,gamma nested,,,,,,,,,,,
Daryn,Hastwall,pIKdOL5l,,,gamma nested,,,,,,,,,,,
Brook,Grono,vY3mrlelqg3f,,,gamma nested,,,,,,,,,,,
Elbertine,Callf,4sQapvYl,+86-256-250-8045,+86 (653) 122-8826,beta,omega nested,omega nested,CN,Shuihu,,Collier-Adams,1 Haas Crossing,Dr,Services,https://psu.edu,https://sphinn.com
Colas,Struys,RrKP2Eso3L,,,alpha,,,,,,,,,,,
Shantee,Dawby,KrYRCscJn,,,alpha,,,,,,,,,,,
Shaylah,Jahan,lz70iLUz0,,,,,,,,,,,,,,
Devy,Dunn,o5OuQOv,+351-357-295-6865,+62 (700) 898-0323,beta,beta,alpha,PT,Penedono,3630-230,Barton LLC,80139 Carey Trail,Rev,Business Development,https://utexas.edu,http://creativecommons.org
Amargo,Frany,LrkuevX,,,,,,,,,,,,,,
Roxane,Cockshutt,TWnIB4FwvfE0,+381-563-487-3953,+62 (297) 639-2591,,gamma nested,omega nested,RS,Bukor,,Robel LLC,933 Briar Crest Junction,Mrs,Engineering,https://acquirethisname.com,http://arstechnica.com
Marjy,Harteley,GxfUoLk7YL,,,gamma nested,,,,,,,,,,,
Chloe,Cereceres,eHX8ew,,,omega nested,,,,,,,,,,,
Roldan,Gaymar,8sggT1s,+998-768-465-0587,+7 (493) 584-2811,beta,omega nested,alpha,UZ,Kegeyli Shahar,,"Bergnaum, Rippin and Bernhard",70798 Kensington Hill,Mr,Sales,http://icq.com,https://dailymail.co.uk
Jeanelle,Fetherstone,XIdtXHQzc8w,+62-932-165-2640,+389 (172) 577-7804,,gamma nested,gamma nested,ID,Lewoluo,,"Legros, Hammes and Windler",786 Crescent Oaks Junction,Ms,Human Resources,http://prweb.com,http://goodreads.com
Phebe,Cursons,sCggd2,+62-844-969-8418,+62 (756) 184-6534,,omega nested,omega nested,ID,Cibenda,,"Mills, DuBuque and Mueller",6 Basil Terrace,Rev,Business Development,http://businesswire.com,https://salon.com
Mac,Schulz,QalP1F,,,gamma nested,,,,,,,,,,,
Christabella,Trengrouse,PbK9R7UeqHfU,,,omega nested,,,,,,,,,,,
Merline,Salvatore,ExOhPWv,,,alpha,,,,,,,,,,,
Nahum,Lechmere,lPxhrU,,,omega nested,,,,,,,,,,,
Nancy,Bevan,gN8PZnXXsiT,+63-527-899-4896,+63 (671) 741-2773,gamma nested,alpha,gamma nested,PH,Ualog,1703,"Bernhard, Cronin and Conroy",13746 Tony Drive,Ms,Accounting,https://seattletimes.com,https://wordpress.com
Doreen,Wall,lw0XpRXfy,+66-485-100-3692,+53 (805) 622-7756,gamma nested,alpha,beta,TH,Nong Ki,31210,Hagenes-Cruickshank,0427 Corscot Avenue,Honorable,Services,https://friendfeed.com,http://vk.com
Marillin,Casarino,q0gLEJ,+81-763-830-5265,+63 (928) 492-8902,,beta,omega nested,JP,Ashikaga,374-0079,"Hintz, Hickle and Jones",732 Raven Hill,Rev,Legal,https://earthlink.net,http://businessweek.com
Brig,Swindin,AHbk8E,,,beta,,,,,,,,,,,
Cece,Piccop,WgB9rH6a,+1-719-774-0821,+86 (677) 461-7570,beta,alpha,beta,US,Colorado Springs,80930,Champlin Inc,222 Eastlawn Point,Ms,Accounting,https://123-reg.co.uk,https://scribd.com
Artus,Shepherd,r6hwHwXn7f1,,,beta,,,,,,,,,,,
Wilhelmine,MacLardie,SrDEM6u2Ve,+7-295-977-7415,+234 (376) 466-0424,omega nested,omega nested,beta,RU,Rasskazovo,301288,"King, Brekke and Cremin",1 Vernon Pass,Rev,Support,https://edublogs.org,http://indiatimes.com
Arman,Colpus,8jL5IsRzkRO,,,omega nested,,,,,,,,,,,
Maitilde,Salaman,aCsoBA,,,alpha,,,,,,,,,,,
Kaye,Boutcher,4dfsmYJrL,,,alpha,,,,,,,,,,,
Gerda,Renfrew,6E6VgzxDyqw2,,,beta,,,,,,,,,,,
Davina,Feragh,8ohreBtgC1,,,gamma nested,,,,,,,,,,,
Raynor,Glidder,QS1jKVbev8,+229-813-660-5648,+351 (743) 386-3141,gamma nested,alpha,omega nested,BJ,Tchaourou,,O'Conner LLC,1695 Reinke Place,Mrs,Training,https://springer.com,http://icio.us
Lukas,Blanque,guqPaS,,,,,,,,,,,,,,
Zandra,McLeman,NdtO7pM7tcfo,,,beta,,,,,,,,,,,
Jessica,Willimott,C8Ukl1DJm,,,gamma nested,,,,,,,,,,,
Johnny,Licquorish,xU0sER,,,omega nested,,,,,,,,,,,
Winfred,Scoon,n55l04OkDPD,,,omega nested,,,,,,,,,,,
Marven,McCullagh,pSrM8pd2Yy,,,omega nested,,,,,,,,,,,
Keefer,Iscowitz,oLSRtF9sD,,,omega nested,,,,,,,,,,,
Kinsley,Whitebrook,W4bx9U,+62-275-792-6475,+86 (402) 590-7370,alpha,omega nested,beta,ID,Kesamben,,Hilll Inc,1369 Hansons Road,Mrs,Legal,https://go.com,https://digg.com
Garald,Blewett,EjK0wd,,,omega nested,,,,,,,,,,,
Grissel,Melmeth,Gqd7eex,,,omega nested,,,,,,,,,,,
Tadeas,Vondruska,IChmoXWC,,,gamma nested,,,,,,,,,,,
Bar,Ivic,IN5Dhc8l,,,gamma nested,,,,,,,,,,,
Marin,Zarfati,No21G3Q,+55-411-820-4711,+62 (710) 408-8294,,beta,gamma nested,BR,Inhambupe,48490-000,"Dibbert, Stroman and Grady",964 Northwestern Lane,Mr,Research and Development,https://facebook.com,http://un.org
Velvet,Whissell,LIEZau0,+84-709-998-4606,+84 (217) 919-5328,,alpha,beta,VN,Tánh Linh,,"Kihn, Kiehn and Runolfsson",76764 Debra Circle,Rev,Sales,http://issuu.com,http://fc2.com
Blithe,Maunders,RFwW4NaK,+55-901-429-0444,+48 (204) 460-4672,,beta,alpha,BR,Cafarnaum,44880-000,"Turcotte, Dicki and Jones",8 Summer Ridge Place,Mr,Human Resources,https://umn.edu,https://networksolutions.com
Harris,Robbe,Lf5x8db57,+62-652-727-9418,+51 (380) 587-5242,alpha,alpha,alpha,ID,Tebara,,Wiza-Weber,00 Carberry Court,Mrs,Accounting,https://imdb.com,http://yale.edu
Carlynne,Neeves,A9Q9loXoDkX,,,omega nested,,,,,,,,,,,
Stephani,Durtnal,EsmHv6Op,+33-846-483-5755,+86 (936) 465-0183,beta,alpha,alpha,FR,Saint-Étienne,42014 CEDEX 2,Ratke-Considine,87817 Kinsman Avenue,Dr,Training,http://moonfruit.com,http://netvibes.com
Alistair,Kneeland,B34niJ,+57-442-253-7264,+33 (582) 280-8045,gamma nested,alpha,alpha,CO,Los Andes,526529,Lehner Group,749 Jana Avenue,Rev,Sales,http://infoseek.co.jp,http://imdb.com
Clarice,Heggadon,iKPcRviqB,,,alpha,,,,,,,,,,,
Lia,Burtonshaw,99WDb4P,+509-686-429-9227,+62 (499) 926-8525,alpha,gamma nested,alpha,HT,Petite Rivière de Nippes,,Lueilwitz-Collins,67 Cordelia Point,Honorable,Support,https://goodreads.com,http://bravesites.com
Cacilie,Logg,Fo50xnB,+81-672-144-9570,+265 (131) 872-3918,alpha,omega nested,gamma nested,JP,Masuda,999-8201,Kunze Group,0 Crowley Alley,Ms,Business Development,http://google.ru,https://miitbeian.gov.cn
Yettie,Luker,8AGkCLINkl,,,omega nested,,,,,,,,,,,
Heloise,Bierton,Wcv97f6,,,,,,,,,,,,,,
Brand,Fowgies,OQFMzMQcL4H,+48-944-109-4246,+351 (572) 852-8971,,gamma nested,beta,PL,Pszczew,66-330,"Rolfson, Boehm and Maggio",9053 Pankratz Point,Honorable,Training,http://eventbrite.com,https://booking.com
Jackie,Roblin,AZqrom9,,,gamma nested,,,,,,,,,,,
Ulrike,Bussey,4PFFdO29tig,+370-822-551-8360,+86 (313) 629-7808,omega nested,alpha,alpha,LT,Šventoji,98044,Robel-Ullrich,958 Packers Alley,Ms,Engineering,https://springer.com,https://1und1.de
Gerta,Attenbarrow,4yuK1sSbj,+81-114-538-6999,+33 (410) 194-0599,beta,omega nested,omega nested,JP,Shirone,950-1262,Carter and Sons,56968 5th Avenue,Dr,Engineering,https://hhs.gov,https://behance.net
Agnese,Readwing,XNfn13jW4,+60-648-942-6717,+51 (864) 959-2319,gamma nested,gamma nested,gamma nested,MY,Kuching,93702,"McDermott, Shields and Gibson",22255 Hansons Hill,Ms,Accounting,https://patch.com,http://printfriendly.com
Jerrome,Caramuscia,XoS1SC,,,alpha,,,,,,,,,,,
Lindsey,Semmence,ldZFuas9QU,,,beta,,,,,,,,,,,
Aldric,Chansonne,dOugtCEI,,,gamma nested,,,,,,,,,,,
Tomaso,Gratrix,gCMzmJLXx,+34-959-917-4366,+54 (657) 990-7266,alpha,omega nested,omega nested,ES,Lleida,25005,Klocko LLC,734 Cascade Lane,Honorable,Sales,https://nydailynews.com,https://cpanel.net
Ivett,Volleth,SLj5pvkkv6tE,+380-118-921-2697,+62 (517) 816-9376,,omega nested,gamma nested,UA,Novyy Svit,,Beer LLC,8550 Longview Circle,Honorable,Legal,http://biblegateway.com,https://wikipedia.org
Clint,Elis,5Qub82PL,+261-989-278-1841,+55 (363) 993-7475,gamma nested,beta,omega nested,MG,Ambatolampy,,Klein Group,3 Lyons Plaza,Mrs,Marketing,https://webnode.com,https://mtv.com
Frasco,Baddoe,OXmviwxeGVpq,+62-301-575-0239,+62 (304) 373-3320,beta,omega nested,alpha,ID,Winong,,Buckridge-Schmitt,2 Elmside Terrace,Honorable,Product Management,https://storify.com,http://wisc.edu
Thayne,Beneze,PooJIvA2k,,,,,,,,,,,,,,
Margot,Keddie,sTt5aO3cNl,,,,,,,,,,,,,,
Rodrique,Theis,BYeeLNSW8Po5,+7-953-192-4498,+92 (967) 436-7039,gamma nested,beta,beta,RU,Dvurechensk,624013,Lueilwitz and Sons,8400 Victoria Point,Mr,Engineering,https://amazon.de,http://cafepress.com
Eldredge,Durden,Kji1suOKi,,,gamma nested,,,,,,,,,,,
Danya,Edgworth,TG0Z6bQlbZC5,+62-738-819-1406,+420 (300) 879-0109,gamma nested,alpha,gamma nested,ID,Sekolan,,Braun-Jast,6 5th Road,Ms,Support,http://google.pl,https://elpais.com
Wesley,Wicks,sFQWTHs,,,,,,,,,,,,,,
Hale,Blaase,jplVN3Bo,+46-420-671-3244,+86 (546) 387-5514,alpha,gamma nested,alpha,SE,Sundbyberg,174 59,"Reichel, Monahan and Torphy",581 East Hill,Rev,Accounting,https://angelfire.com,http://ftc.gov
Tye,Iacovielli,3nWLNFzA,,,,,,,,,,,,,,
Gale,Hillatt,HVy88a,,,alpha,,,,,,,,,,,
Kevina,Jiggen,vw1SI3NnB34,,,gamma nested,,,,,,,,,,,
Valery,Leemans,yFeVq7,+86-880-282-0397,+60 (968) 844-3704,,gamma nested,omega nested,CN,Huangguan,,Botsford and Sons,1 Cambridge Hill,Ms,Product Management,https://wp.com,http://mac.com
Judy,Morteo,tp9DhQrXkkFC,,,omega nested,,,,,,,,,,,
Corliss,Whittlesee,ynIbCU4,,,,,,,,,,,,,,
Aldis,Connikie,BqS4rJa2,,,,,,,,,,,,,,
Mara,Dybald,GqLyRlIw,,,alpha,,,,,,,,,,,
Darwin,Derisley,wYJb6VT,,,gamma nested,,,,,,,,,,,
Neil,Cuttin,OKpXvK2,+86-600-856-6432,+420 (486) 604-0589,,alpha,omega nested,CN,Damatou,,Osinski-Yundt,17287 Hagan Point,Mrs,Human Resources,https://mapy.cz,http://clickbank.net
Paule,Ingerman,99Q9MQauQT8,,,beta,,,,,,,,,,,
Katheryn,Cromar,I9E3sz3eQO,+86-146-572-4433,+593 (847) 427-1455,alpha,alpha,omega nested,CN,Sihe,,Rolfson-Homenick,5 Ridge Oak Road,Honorable,Support,http://oakley.com,https://123-reg.co.uk
Marshall,Wetherell,uRSQAVV,,,gamma nested,,,,,,,,,,,
Bryn,Keady,0Im4sS,+86-460-907-0747,+86 (119) 183-0886,omega nested,alpha,alpha,CN,Xiaochuan,,"Nader, Pouros and Friesen",7034 Red Cloud Hill,Rev,Services,http://netscape.com,http://flickr.com
Quintus,Rich,6LBG5XZCs,+86-246-642-5815,+691 (496) 648-8498,,beta,beta,CN,Linglu,,O'Kon Group,0429 Burrows Street,Ms,Research and Development,http://scribd.com,https://4shared.com
Andras,Clitsome,bnZgvgeIn7p,+86-860-353-7824,+962 (298) 915-5041,alpha,gamma nested,alpha,CN,Honglai,,"Flatley, Jones and O'Hara",06442 Harbort Place,Dr,Services,https://skype.com,https://businesswire.com
Cammi,Colleer,UyrJkuL,,,gamma nested,,,,,,,,,,,
